sku;nome;estoque_atual;lead_time_dias;custo_unitario;lote_minimo
ARR5;Arroz tipo 1 5kg;60;5;24,90;10
FEI1;Feijão carioca 1kg;0;4;7,49;10
CAF5;Café torrado 500g;30;7;16,80;12
LEI1;Leite integral 1L;420;3;4,59;12
OLE9;Óleo de soja 900ml;75;6;6,99;20
ACU1;Açúcar cristal 1kg;200;5;4,29;10
MAC5;Macarrão espaguete 500g;220;5;3,89;20
FAR1;Farinha de mandioca 1kg;90;7;5,50;10
CUZ5;Cuscuz flocão 500g;110;3;2,79;24
MAN2;Manteiga 200g;48;4;11,90;12
REF2;Refrigerante cola 2L;700;4;8,49;6
AGU5;Água mineral 500ml;300;2;1,39;12
DET5;Detergente 500ml;400;10;2,39;24
SAB1;Sabão em pó 1kg;75;10;13,90;10
PAP4;Papel higiênico 4 rolos;95;7;7,99;16
CRE1;Creme dental 90g;60;15;4,49;12
BIS4;Biscoito cream cracker 400g;35;5;5,29;20
MIL5;Milho verde lata;80;15;3,99;24
PAN5;Panetone 500g;48;20;19,90;6
CHO1;Chocolate em pó 200g;4;10;8,90;12
