data;sku;quantidade
03/07/2025;ARR5;8
03/07/2025;FEI1;18
03/07/2025;CAF5;8
03/07/2025;LEI1;43
03/07/2025;OLE9;5
03/07/2025;ACU1;11
03/07/2025;MAC5;17
03/07/2025;FAR1;4
03/07/2025;CUZ5;20
03/07/2025;MAN2;5
03/07/2025;REF2;10
03/07/2025;AGU5;31
03/07/2025;DET5;4
03/07/2025;SAB1;2
03/07/2025;PAP4;6
03/07/2025;CRE1;1
03/07/2025;BIS4;7
03/07/2025;MIL5;1
03/07/2025;CHO1;3
04/07/2025;ARR5;21
04/07/2025;FEI1;25
04/07/2025;CAF5;18
04/07/2025;LEI1;46
04/07/2025;OLE9;14
04/07/2025;ACU1;11
04/07/2025;MAC5;18
04/07/2025;FAR1;8
04/07/2025;CUZ5;23
04/07/2025;MAN2;12
04/07/2025;REF2;14
04/07/2025;AGU5;42
04/07/2025;DET5;6
04/07/2025;SAB1;6
04/07/2025;PAP4;13
04/07/2025;CRE1;2
04/07/2025;BIS4;7
04/07/2025;MIL5;2
04/07/2025;CHO1;2
05/07/2025;ARR5;21
05/07/2025;FEI1;29
05/07/2025;CAF5;9
05/07/2025;LEI1;41
05/07/2025;OLE9;16
05/07/2025;ACU1;20
05/07/2025;MAC5;10
05/07/2025;FAR1;3
05/07/2025;CUZ5;17
05/07/2025;MAN2;7
05/07/2025;REF2;10
05/07/2025;AGU5;32
05/07/2025;DET5;9
05/07/2025;SAB1;10
05/07/2025;PAP4;8
05/07/2025;CRE1;6
05/07/2025;BIS4;11
05/07/2025;MIL5;2
05/07/2025;CHO1;6
06/07/2025;ARR5;28
06/07/2025;FEI1;30
06/07/2025;CAF5;11
06/07/2025;LEI1;44
06/07/2025;OLE9;8
06/07/2025;ACU1;15
06/07/2025;MAC5;22
06/07/2025;FAR1;7
06/07/2025;CUZ5;29
06/07/2025;MAN2;6
06/07/2025;REF2;19
06/07/2025;AGU5;45
06/07/2025;DET5;7
06/07/2025;SAB1;8
06/07/2025;PAP4;12
06/07/2025;BIS4;14
06/07/2025;MIL5;1
06/07/2025;CHO1;2
07/07/2025;ARR5;20
07/07/2025;FEI1;20
07/07/2025;CAF5;8
07/07/2025;LEI1;37
07/07/2025;OLE9;8
07/07/2025;ACU1;7
07/07/2025;MAC5;12
07/07/2025;FAR1;1
07/07/2025;CUZ5;17
07/07/2025;MAN2;2
07/07/2025;REF2;8
07/07/2025;AGU5;30
07/07/2025;DET5;2
07/07/2025;SAB1;5
07/07/2025;PAP4;7
07/07/2025;CRE1;1
07/07/2025;BIS4;4
07/07/2025;MIL5;1
07/07/2025;CHO1;2
08/07/2025;ARR5;17
08/07/2025;FEI1;21
08/07/2025;CAF5;12
08/07/2025;LEI1;35
08/07/2025;OLE9;10
08/07/2025;ACU1;6
08/07/2025;MAC5;13
08/07/2025;FAR1;7
08/07/2025;CUZ5;13
08/07/2025;MAN2;1
08/07/2025;REF2;12
08/07/2025;AGU5;27
08/07/2025;DET5;4
08/07/2025;SAB1;5
08/07/2025;PAP4;7
08/07/2025;CRE1;3
08/07/2025;BIS4;3
08/07/2025;MIL5;2
08/07/2025;CHO1;2
09/07/2025;ARR5;15
09/07/2025;FEI1;23
09/07/2025;CAF5;5
09/07/2025;LEI1;37
09/07/2025;OLE9;11
09/07/2025;ACU1;17
09/07/2025;MAC5;20
09/07/2025;FAR1;7
09/07/2025;CUZ5;24
09/07/2025;MAN2;1
09/07/2025;REF2;12
09/07/2025;AGU5;37
09/07/2025;DET5;4
09/07/2025;SAB1;3
09/07/2025;PAP4;7
09/07/2025;CRE1;4
09/07/2025;BIS4;11
09/07/2025;MIL5;1
09/07/2025;CHO1;4
10/07/2025;ARR5;12
10/07/2025;FEI1;21
10/07/2025;CAF5;9
10/07/2025;LEI1;28
10/07/2025;OLE9;7
10/07/2025;ACU1;5
10/07/2025;MAC5;9
10/07/2025;FAR1;11
10/07/2025;CUZ5;27
10/07/2025;MAN2;2
10/07/2025;REF2;8
10/07/2025;AGU5;31
10/07/2025;DET5;2
10/07/2025;SAB1;5
10/07/2025;PAP4;9
10/07/2025;CRE1;1
10/07/2025;BIS4;5
10/07/2025;MIL5;6
10/07/2025;CHO1;2
11/07/2025;ARR5;15
11/07/2025;FEI1;31
11/07/2025;CAF5;12
11/07/2025;LEI1;36
11/07/2025;OLE9;9
11/07/2025;ACU1;17
11/07/2025;MAC5;20
11/07/2025;FAR1;10
11/07/2025;CUZ5;16
11/07/2025;MAN2;3
11/07/2025;REF2;12
11/07/2025;AGU5;27
11/07/2025;DET5;6
11/07/2025;SAB1;5
11/07/2025;PAP4;7
11/07/2025;CRE1;5
11/07/2025;BIS4;7
11/07/2025;MIL5;5
12/07/2025;ARR5;17
12/07/2025;FEI1;21
12/07/2025;CAF5;10
12/07/2025;LEI1;48
12/07/2025;OLE9;7
12/07/2025;ACU1;12
12/07/2025;MAC5;18
12/07/2025;FAR1;10
12/07/2025;CUZ5;23
12/07/2025;MAN2;3
12/07/2025;REF2;17
12/07/2025;AGU5;33
12/07/2025;DET5;1
12/07/2025;SAB1;1
12/07/2025;PAP4;14
12/07/2025;CRE1;5
12/07/2025;BIS4;15
12/07/2025;MIL5;5
13/07/2025;ARR5;12
13/07/2025;FEI1;19
13/07/2025;CAF5;7
13/07/2025;LEI1;36
13/07/2025;OLE9;8
13/07/2025;ACU1;8
13/07/2025;MAC5;12
13/07/2025;FAR1;2
13/07/2025;CUZ5;19
13/07/2025;MAN2;5
13/07/2025;REF2;17
13/07/2025;AGU5;41
13/07/2025;DET5;4
13/07/2025;SAB1;5
13/07/2025;PAP4;9
13/07/2025;CRE1;5
13/07/2025;BIS4;7
13/07/2025;MIL5;1
13/07/2025;CHO1;2
14/07/2025;ARR5;9
14/07/2025;FEI1;21
14/07/2025;CAF5;10
14/07/2025;LEI1;18
14/07/2025;OLE9;4
14/07/2025;ACU1;9
14/07/2025;MAC5;9
14/07/2025;FAR1;8
14/07/2025;CUZ5;15
14/07/2025;MAN2;4
14/07/2025;REF2;14
14/07/2025;AGU5;27
14/07/2025;DET5;2
14/07/2025;SAB1;4
14/07/2025;PAP4;7
14/07/2025;CRE1;2
14/07/2025;BIS4;5
15/07/2025;ARR5;9
15/07/2025;FEI1;14
15/07/2025;CAF5;11
15/07/2025;LEI1;18
15/07/2025;OLE9;5
15/07/2025;ACU1;8
15/07/2025;MAC5;10
15/07/2025;CUZ5;13
15/07/2025;MAN2;1
15/07/2025;REF2;16
15/07/2025;AGU5;16
15/07/2025;DET5;1
15/07/2025;SAB1;3
15/07/2025;PAP4;4
15/07/2025;CRE1;1
15/07/2025;BIS4;3
15/07/2025;MIL5;1
15/07/2025;CHO1;2
16/07/2025;ARR5;18
16/07/2025;FEI1;19
16/07/2025;CAF5;9
16/07/2025;LEI1;22
16/07/2025;OLE9;3
16/07/2025;ACU1;7
16/07/2025;MAC5;18
16/07/2025;FAR1;4
16/07/2025;CUZ5;14
16/07/2025;MAN2;9
16/07/2025;REF2;11
16/07/2025;AGU5;24
16/07/2025;DET5;2
16/07/2025;SAB1;1
16/07/2025;PAP4;11
16/07/2025;CRE1;4
16/07/2025;BIS4;7
16/07/2025;MIL5;2
16/07/2025;CHO1;1
17/07/2025;ARR5;18
17/07/2025;FEI1;17
17/07/2025;CAF5;10
17/07/2025;LEI1;23
17/07/2025;OLE9;5
17/07/2025;ACU1;9
17/07/2025;MAC5;6
17/07/2025;FAR1;4
17/07/2025;CUZ5;12
17/07/2025;REF2;4
17/07/2025;AGU5;19
17/07/2025;DET5;3
17/07/2025;SAB1;1
17/07/2025;PAP4;10
17/07/2025;CRE1;4
17/07/2025;BIS4;7
17/07/2025;MIL5;1
18/07/2025;ARR5;17
18/07/2025;FEI1;28
18/07/2025;CAF5;13
18/07/2025;LEI1;38
18/07/2025;OLE9;13
18/07/2025;ACU1;12
18/07/2025;MAC5;15
18/07/2025;FAR1;9
18/07/2025;CUZ5;23
18/07/2025;MAN2;6
18/07/2025;REF2;16
18/07/2025;AGU5;35
18/07/2025;DET5;4
18/07/2025;PAP4;6
18/07/2025;CRE1;6
18/07/2025;BIS4;12
18/07/2025;MIL5;4
19/07/2025;ARR5;16
19/07/2025;FEI1;28
19/07/2025;CAF5;15
19/07/2025;LEI1;58
19/07/2025;OLE9;16
19/07/2025;ACU1;13
19/07/2025;MAC5;13
19/07/2025;FAR1;7
19/07/2025;CUZ5;14
19/07/2025;MAN2;7
19/07/2025;REF2;23
19/07/2025;AGU5;43
19/07/2025;DET5;2
19/07/2025;SAB1;3
19/07/2025;PAP4;7
19/07/2025;CRE1;2
19/07/2025;BIS4;17
19/07/2025;MIL5;3
19/07/2025;CHO1;2
20/07/2025;ARR5;18
20/07/2025;FEI1;32
20/07/2025;CAF5;4
20/07/2025;LEI1;44
20/07/2025;OLE9;11
20/07/2025;ACU1;17
20/07/2025;MAC5;14
20/07/2025;FAR1;10
20/07/2025;CUZ5;15
20/07/2025;MAN2;7
20/07/2025;REF2;12
20/07/2025;AGU5;30
20/07/2025;DET5;5
20/07/2025;SAB1;5
20/07/2025;PAP4;6
20/07/2025;CRE1;2
20/07/2025;BIS4;12
20/07/2025;MIL5;4
21/07/2025;ARR5;7
21/07/2025;FEI1;16
21/07/2025;CAF5;11
21/07/2025;LEI1;25
21/07/2025;OLE9;7
21/07/2025;ACU1;12
21/07/2025;MAC5;9
21/07/2025;FAR1;6
21/07/2025;CUZ5;12
21/07/2025;REF2;5
21/07/2025;AGU5;23
21/07/2025;DET5;3
21/07/2025;SAB1;2
21/07/2025;PAP4;7
21/07/2025;CRE1;2
21/07/2025;BIS4;7
21/07/2025;MIL5;3
22/07/2025;ARR5;17
22/07/2025;FEI1;14
22/07/2025;CAF5;14
22/07/2025;LEI1;29
22/07/2025;OLE9;6
22/07/2025;ACU1;13
22/07/2025;MAC5;12
22/07/2025;FAR1;4
22/07/2025;CUZ5;8
22/07/2025;MAN2;1
22/07/2025;REF2;6
22/07/2025;AGU5;19
22/07/2025;DET5;3
22/07/2025;SAB1;4
22/07/2025;PAP4;3
22/07/2025;CRE1;2
22/07/2025;BIS4;4
22/07/2025;MIL5;2
22/07/2025;CHO1;1
23/07/2025;ARR5;21
23/07/2025;FEI1;12
23/07/2025;CAF5;3
23/07/2025;LEI1;20
23/07/2025;OLE9;4
23/07/2025;ACU1;10
23/07/2025;MAC5;12
23/07/2025;FAR1;3
23/07/2025;CUZ5;13
23/07/2025;MAN2;1
23/07/2025;REF2;15
23/07/2025;AGU5;18
23/07/2025;DET5;5
23/07/2025;SAB1;3
23/07/2025;PAP4;7
23/07/2025;CRE1;1
23/07/2025;BIS4;4
23/07/2025;MIL5;1
24/07/2025;ARR5;10
24/07/2025;FEI1;12
24/07/2025;CAF5;8
24/07/2025;LEI1;22
24/07/2025;OLE9;12
24/07/2025;ACU1;13
24/07/2025;MAC5;9
24/07/2025;FAR1;7
24/07/2025;CUZ5;11
24/07/2025;MAN2;2
24/07/2025;REF2;10
24/07/2025;AGU5;27
24/07/2025;DET5;3
24/07/2025;SAB1;4
24/07/2025;PAP4;6
24/07/2025;CRE1;1
24/07/2025;BIS4;5
24/07/2025;CHO1;1
25/07/2025;ARR5;16
25/07/2025;FEI1;31
25/07/2025;CAF5;15
25/07/2025;LEI1;35
25/07/2025;OLE9;12
25/07/2025;ACU1;20
25/07/2025;MAC5;23
25/07/2025;FAR1;7
25/07/2025;CUZ5;13
25/07/2025;MAN2;3
25/07/2025;REF2;21
25/07/2025;AGU5;29
25/07/2025;DET5;2
25/07/2025;SAB1;8
25/07/2025;PAP4;6
25/07/2025;CRE1;10
25/07/2025;BIS4;10
25/07/2025;MIL5;3
25/07/2025;CHO1;3
26/07/2025;ARR5;19
26/07/2025;FEI1;33
26/07/2025;CAF5;14
26/07/2025;LEI1;45
26/07/2025;OLE9;12
26/07/2025;ACU1;12
26/07/2025;MAC5;21
26/07/2025;FAR1;6
26/07/2025;CUZ5;24
26/07/2025;MAN2;2
26/07/2025;REF2;14
26/07/2025;AGU5;39
26/07/2025;DET5;2
26/07/2025;SAB1;4
26/07/2025;PAP4;12
26/07/2025;CRE1;2
26/07/2025;BIS4;5
26/07/2025;MIL5;1
26/07/2025;CHO1;3
27/07/2025;ARR5;16
27/07/2025;FEI1;20
27/07/2025;CAF5;14
27/07/2025;LEI1;32
27/07/2025;OLE9;10
27/07/2025;ACU1;11
27/07/2025;MAC5;18
27/07/2025;FAR1;11
27/07/2025;CUZ5;19
27/07/2025;MAN2;3
27/07/2025;REF2;12
27/07/2025;AGU5;22
27/07/2025;DET5;4
27/07/2025;SAB1;5
27/07/2025;PAP4;4
27/07/2025;CRE1;6
27/07/2025;BIS4;12
27/07/2025;MIL5;2
27/07/2025;CHO1;1
28/07/2025;ARR5;11
28/07/2025;FEI1;25
28/07/2025;CAF5;8
28/07/2025;LEI1;35
28/07/2025;OLE9;6
28/07/2025;ACU1;8
28/07/2025;MAC5;5
28/07/2025;FAR1;4
28/07/2025;CUZ5;20
28/07/2025;MAN2;1
28/07/2025;REF2;16
28/07/2025;AGU5;20
28/07/2025;SAB1;4
28/07/2025;PAP4;7
28/07/2025;CRE1;4
28/07/2025;BIS4;4
28/07/2025;MIL5;2
28/07/2025;CHO1;3
29/07/2025;ARR5;17
29/07/2025;FEI1;12
29/07/2025;CAF5;10
29/07/2025;LEI1;22
29/07/2025;OLE9;4
29/07/2025;ACU1;16
29/07/2025;MAC5;8
29/07/2025;CUZ5;16
29/07/2025;MAN2;5
29/07/2025;REF2;8
29/07/2025;AGU5;9
29/07/2025;DET5;5
29/07/2025;SAB1;4
29/07/2025;PAP4;3
29/07/2025;CRE1;5
29/07/2025;BIS4;7
29/07/2025;MIL5;3
29/07/2025;CHO1;2
30/07/2025;ARR5;9
30/07/2025;FEI1;22
30/07/2025;CAF5;7
30/07/2025;LEI1;32
30/07/2025;OLE9;4
30/07/2025;ACU1;10
30/07/2025;MAC5;7
30/07/2025;FAR1;5
30/07/2025;CUZ5;7
30/07/2025;MAN2;2
30/07/2025;REF2;11
30/07/2025;AGU5;22
30/07/2025;DET5;2
30/07/2025;SAB1;4
30/07/2025;PAP4;3
30/07/2025;CRE1;1
30/07/2025;BIS4;6
30/07/2025;CHO1;2
31/07/2025;ARR5;10
31/07/2025;FEI1;21
31/07/2025;CAF5;1
31/07/2025;LEI1;26
31/07/2025;OLE9;2
31/07/2025;ACU1;4
31/07/2025;MAC5;12
31/07/2025;FAR1;7
31/07/2025;CUZ5;19
31/07/2025;MAN2;3
31/07/2025;REF2;8
31/07/2025;AGU5;18
31/07/2025;DET5;2
31/07/2025;SAB1;5
31/07/2025;PAP4;6
31/07/2025;CRE1;6
31/07/2025;BIS4;8
31/07/2025;MIL5;1
31/07/2025;CHO1;2
01/08/2025;ARR5;21
01/08/2025;FEI1;32
01/08/2025;CAF5;17
01/08/2025;LEI1;39
01/08/2025;OLE9;15
01/08/2025;ACU1;13
01/08/2025;MAC5;26
01/08/2025;FAR1;5
01/08/2025;CUZ5;27
01/08/2025;MAN2;6
01/08/2025;REF2;18
01/08/2025;AGU5;43
01/08/2025;DET5;3
01/08/2025;SAB1;7
01/08/2025;PAP4;13
01/08/2025;CRE1;4
01/08/2025;BIS4;15
01/08/2025;MIL5;2
02/08/2025;ARR5;32
02/08/2025;FEI1;34
02/08/2025;CAF5;10
02/08/2025;LEI1;45
02/08/2025;OLE9;15
02/08/2025;ACU1;17
02/08/2025;MAC5;18
02/08/2025;FAR1;12
02/08/2025;CUZ5;29
02/08/2025;MAN2;7
02/08/2025;REF2;30
02/08/2025;AGU5;37
02/08/2025;DET5;7
02/08/2025;SAB1;8
02/08/2025;PAP4;6
02/08/2025;CRE1;6
02/08/2025;BIS4;12
02/08/2025;MIL5;2
02/08/2025;CHO1;1
03/08/2025;ARR5;29
03/08/2025;FEI1;28
03/08/2025;CAF5;14
03/08/2025;LEI1;62
03/08/2025;OLE9;14
03/08/2025;ACU1;12
03/08/2025;MAC5;16
03/08/2025;FAR1;9
03/08/2025;CUZ5;26
03/08/2025;MAN2;8
03/08/2025;REF2;16
03/08/2025;AGU5;46
03/08/2025;DET5;6
03/08/2025;SAB1;6
03/08/2025;PAP4;16
03/08/2025;CRE1;7
03/08/2025;BIS4;10
03/08/2025;MIL5;3
03/08/2025;CHO1;1
04/08/2025;ARR5;12
04/08/2025;FEI1;24
04/08/2025;CAF5;12
04/08/2025;LEI1;31
04/08/2025;OLE9;4
04/08/2025;ACU1;10
04/08/2025;MAC5;15
04/08/2025;FAR1;3
04/08/2025;CUZ5;17
04/08/2025;MAN2;7
04/08/2025;REF2;9
04/08/2025;AGU5;35
04/08/2025;DET5;4
04/08/2025;SAB1;5
04/08/2025;PAP4;5
04/08/2025;BIS4;8
04/08/2025;MIL5;3
04/08/2025;CHO1;3
05/08/2025;ARR5;16
05/08/2025;FEI1;24
05/08/2025;CAF5;14
05/08/2025;LEI1;27
05/08/2025;OLE9;9
05/08/2025;ACU1;9
05/08/2025;MAC5;12
05/08/2025;FAR1;4
05/08/2025;CUZ5;18
05/08/2025;MAN2;1
05/08/2025;REF2;9
05/08/2025;AGU5;19
05/08/2025;DET5;3
05/08/2025;SAB1;5
05/08/2025;PAP4;9
05/08/2025;CRE1;3
05/08/2025;BIS4;4
05/08/2025;MIL5;2
06/08/2025;ARR5;19
06/08/2025;FEI1;15
06/08/2025;CAF5;12
06/08/2025;LEI1;25
06/08/2025;OLE9;6
06/08/2025;ACU1;6
06/08/2025;MAC5;15
06/08/2025;FAR1;2
06/08/2025;CUZ5;16
06/08/2025;MAN2;2
06/08/2025;REF2;14
06/08/2025;AGU5;23
06/08/2025;DET5;4
06/08/2025;SAB1;6
06/08/2025;PAP4;8
06/08/2025;CRE1;4
06/08/2025;BIS4;6
06/08/2025;MIL5;3
06/08/2025;CHO1;2
07/08/2025;ARR5;17
07/08/2025;FEI1;24
07/08/2025;CAF5;8
07/08/2025;LEI1;35
07/08/2025;OLE9;12
07/08/2025;ACU1;11
07/08/2025;MAC5;7
07/08/2025;FAR1;8
07/08/2025;CUZ5;15
07/08/2025;MAN2;3
07/08/2025;REF2;10
07/08/2025;AGU5;27
07/08/2025;DET5;2
07/08/2025;SAB1;3
07/08/2025;PAP4;7
07/08/2025;CRE1;3
07/08/2025;BIS4;7
07/08/2025;MIL5;1
07/08/2025;CHO1;1
08/08/2025;ARR5;21
08/08/2025;FEI1;27
08/08/2025;CAF5;12
08/08/2025;LEI1;40
08/08/2025;OLE9;14
08/08/2025;ACU1;19
08/08/2025;MAC5;20
08/08/2025;FAR1;11
08/08/2025;CUZ5;33
08/08/2025;MAN2;11
08/08/2025;REF2;14
08/08/2025;AGU5;42
08/08/2025;DET5;5
08/08/2025;SAB1;3
08/08/2025;PAP4;11
08/08/2025;CRE1;6
08/08/2025;BIS4;3
08/08/2025;MIL5;2
09/08/2025;ARR5;20
09/08/2025;FEI1;30
09/08/2025;CAF5;10
09/08/2025;LEI1;38
09/08/2025;OLE9;7
09/08/2025;ACU1;21
09/08/2025;MAC5;14
09/08/2025;FAR1;6
09/08/2025;CUZ5;22
09/08/2025;MAN2;7
09/08/2025;REF2;21
09/08/2025;AGU5;42
09/08/2025;DET5;5
09/08/2025;SAB1;4
09/08/2025;PAP4;8
09/08/2025;CRE1;7
09/08/2025;BIS4;13
09/08/2025;MIL5;3
09/08/2025;CHO1;1
10/08/2025;ARR5;25
10/08/2025;FEI1;20
10/08/2025;CAF5;10
10/08/2025;LEI1;60
10/08/2025;OLE9;9
10/08/2025;ACU1;19
10/08/2025;MAC5;20
10/08/2025;FAR1;7
10/08/2025;CUZ5;20
10/08/2025;MAN2;7
10/08/2025;REF2;16
10/08/2025;AGU5;36
10/08/2025;DET5;2
10/08/2025;SAB1;10
10/08/2025;PAP4;9
10/08/2025;CRE1;2
10/08/2025;BIS4;12
10/08/2025;MIL5;5
10/08/2025;CHO1;3
11/08/2025;ARR5;13
11/08/2025;FEI1;19
11/08/2025;CAF5;9
11/08/2025;LEI1;33
11/08/2025;OLE9;7
11/08/2025;ACU1;12
11/08/2025;MAC5;14
11/08/2025;FAR1;2
11/08/2025;CUZ5;20
11/08/2025;MAN2;1
11/08/2025;REF2;10
11/08/2025;AGU5;15
11/08/2025;DET5;2
11/08/2025;SAB1;1
11/08/2025;PAP4;4
11/08/2025;CRE1;2
11/08/2025;BIS4;4
11/08/2025;MIL5;5
11/08/2025;CHO1;1
12/08/2025;ARR5;12
12/08/2025;FEI1;10
12/08/2025;CAF5;10
12/08/2025;LEI1;27
12/08/2025;OLE9;7
12/08/2025;ACU1;15
12/08/2025;MAC5;9
12/08/2025;FAR1;2
12/08/2025;CUZ5;13
12/08/2025;MAN2;3
12/08/2025;REF2;13
12/08/2025;AGU5;29
12/08/2025;DET5;1
12/08/2025;SAB1;3
12/08/2025;PAP4;5
12/08/2025;CRE1;3
12/08/2025;BIS4;4
12/08/2025;MIL5;2
13/08/2025;ARR5;7
13/08/2025;FEI1;11
13/08/2025;CAF5;16
13/08/2025;LEI1;24
13/08/2025;OLE9;9
13/08/2025;ACU1;5
13/08/2025;MAC5;4
13/08/2025;FAR1;2
13/08/2025;CUZ5;8
13/08/2025;MAN2;9
13/08/2025;REF2;7
13/08/2025;AGU5;25
13/08/2025;DET5;3
13/08/2025;SAB1;3
13/08/2025;PAP4;8
13/08/2025;CRE1;3
13/08/2025;BIS4;7
13/08/2025;MIL5;2
13/08/2025;CHO1;2
14/08/2025;ARR5;15
14/08/2025;FEI1;16
14/08/2025;CAF5;12
14/08/2025;LEI1;23
14/08/2025;OLE9;13
14/08/2025;ACU1;7
14/08/2025;MAC5;13
14/08/2025;FAR1;1
14/08/2025;CUZ5;17
14/08/2025;MAN2;9
14/08/2025;REF2;8
14/08/2025;AGU5;18
14/08/2025;DET5;3
14/08/2025;SAB1;3
14/08/2025;PAP4;4
14/08/2025;CRE1;2
14/08/2025;BIS4;5
14/08/2025;MIL5;1
14/08/2025;CHO1;2
15/08/2025;ARR5;17
15/08/2025;FEI1;21
15/08/2025;CAF5;13
15/08/2025;LEI1;36
15/08/2025;OLE9;9
15/08/2025;ACU1;16
15/08/2025;MAC5;13
15/08/2025;FAR1;2
15/08/2025;CUZ5;18
15/08/2025;MAN2;11
15/08/2025;REF2;9
15/08/2025;AGU5;29
15/08/2025;DET5;7
15/08/2025;SAB1;6
15/08/2025;PAP4;6
15/08/2025;CRE1;5
15/08/2025;BIS4;9
15/08/2025;MIL5;6
15/08/2025;CHO1;5
16/08/2025;ARR5;29
16/08/2025;FEI1;23
16/08/2025;CAF5;11
16/08/2025;LEI1;34
16/08/2025;OLE9;12
16/08/2025;ACU1;12
16/08/2025;MAC5;7
16/08/2025;FAR1;5
16/08/2025;CUZ5;18
16/08/2025;MAN2;7
16/08/2025;REF2;12
16/08/2025;AGU5;38
16/08/2025;DET5;7
16/08/2025;SAB1;6
16/08/2025;PAP4;9
16/08/2025;CRE1;5
16/08/2025;BIS4;7
16/08/2025;MIL5;4
16/08/2025;CHO1;1
17/08/2025;ARR5;11
17/08/2025;FEI1;19
17/08/2025;CAF5;11
17/08/2025;LEI1;44
17/08/2025;OLE9;9
17/08/2025;ACU1;10
17/08/2025;MAC5;15
17/08/2025;FAR1;5
17/08/2025;CUZ5;21
17/08/2025;MAN2;3
17/08/2025;REF2;8
17/08/2025;AGU5;37
17/08/2025;DET5;5
17/08/2025;SAB1;8
17/08/2025;PAP4;5
17/08/2025;CRE1;2
17/08/2025;BIS4;5
17/08/2025;MIL5;3
17/08/2025;CHO1;1
18/08/2025;ARR5;12
18/08/2025;FEI1;17
18/08/2025;CAF5;7
18/08/2025;LEI1;20
18/08/2025;OLE9;10
18/08/2025;ACU1;6
18/08/2025;MAC5;11
18/08/2025;FAR1;5
18/08/2025;CUZ5;11
18/08/2025;MAN2;3
18/08/2025;REF2;7
18/08/2025;AGU5;19
18/08/2025;DET5;1
18/08/2025;SAB1;3
18/08/2025;PAP4;5
18/08/2025;CRE1;3
18/08/2025;BIS4;8
18/08/2025;MIL5;1
19/08/2025;ARR5;9
19/08/2025;FEI1;20
19/08/2025;CAF5;10
19/08/2025;LEI1;20
19/08/2025;OLE9;4
19/08/2025;ACU1;10
19/08/2025;MAC5;12
19/08/2025;FAR1;6
19/08/2025;CUZ5;21
19/08/2025;MAN2;4
19/08/2025;REF2;8
19/08/2025;AGU5;19
19/08/2025;DET5;4
19/08/2025;SAB1;2
19/08/2025;PAP4;1
19/08/2025;CRE1;3
19/08/2025;BIS4;5
19/08/2025;MIL5;2
19/08/2025;CHO1;2
20/08/2025;ARR5;19
20/08/2025;FEI1;20
20/08/2025;CAF5;5
20/08/2025;LEI1;28
20/08/2025;OLE9;8
20/08/2025;ACU1;8
20/08/2025;MAC5;10
20/08/2025;FAR1;6
20/08/2025;CUZ5;9
20/08/2025;MAN2;4
20/08/2025;REF2;7
20/08/2025;AGU5;25
20/08/2025;DET5;2
20/08/2025;SAB1;3
20/08/2025;PAP4;9
20/08/2025;CRE1;1
20/08/2025;BIS4;6
20/08/2025;MIL5;2
21/08/2025;ARR5;7
21/08/2025;FEI1;12
21/08/2025;CAF5;12
21/08/2025;LEI1;31
21/08/2025;OLE9;8
21/08/2025;ACU1;6
21/08/2025;MAC5;15
21/08/2025;FAR1;6
21/08/2025;CUZ5;13
21/08/2025;MAN2;5
21/08/2025;REF2;11
21/08/2025;AGU5;21
21/08/2025;DET5;3
21/08/2025;SAB1;6
21/08/2025;PAP4;5
21/08/2025;CRE1;1
21/08/2025;BIS4;8
21/08/2025;MIL5;4
21/08/2025;CHO1;1
22/08/2025;ARR5;8
22/08/2025;FEI1;17
22/08/2025;CAF5;12
22/08/2025;LEI1;30
22/08/2025;OLE9;10
22/08/2025;ACU1;12
22/08/2025;MAC5;17
22/08/2025;FAR1;13
22/08/2025;CUZ5;15
22/08/2025;MAN2;6
22/08/2025;REF2;13
22/08/2025;AGU5;32
22/08/2025;DET5;4
22/08/2025;SAB1;3
22/08/2025;PAP4;8
22/08/2025;CRE1;4
22/08/2025;BIS4;6
22/08/2025;MIL5;4
22/08/2025;CHO1;1
23/08/2025;ARR5;18
23/08/2025;FEI1;20
23/08/2025;CAF5;7
23/08/2025;LEI1;42
23/08/2025;OLE9;14
23/08/2025;ACU1;18
23/08/2025;MAC5;15
23/08/2025;FAR1;8
23/08/2025;CUZ5;18
23/08/2025;MAN2;4
23/08/2025;REF2;12
23/08/2025;AGU5;36
23/08/2025;DET5;5
23/08/2025;SAB1;5
23/08/2025;PAP4;13
23/08/2025;CRE1;3
23/08/2025;BIS4;5
23/08/2025;MIL5;3
23/08/2025;CHO1;2
24/08/2025;ARR5;24
24/08/2025;FEI1;34
24/08/2025;CAF5;5
24/08/2025;LEI1;42
24/08/2025;OLE9;8
24/08/2025;ACU1;10
24/08/2025;MAC5;10
24/08/2025;FAR1;10
24/08/2025;CUZ5;24
24/08/2025;MAN2;4
24/08/2025;REF2;9
24/08/2025;AGU5;31
24/08/2025;DET5;1
24/08/2025;SAB1;6
24/08/2025;PAP4;4
24/08/2025;CRE1;3
24/08/2025;BIS4;14
24/08/2025;MIL5;4
24/08/2025;CHO1;5
25/08/2025;ARR5;18
25/08/2025;FEI1;14
25/08/2025;CAF5;9
25/08/2025;LEI1;29
25/08/2025;OLE9;11
25/08/2025;ACU1;11
25/08/2025;MAC5;15
25/08/2025;FAR1;4
25/08/2025;CUZ5;11
25/08/2025;MAN2;6
25/08/2025;REF2;11
25/08/2025;AGU5;26
25/08/2025;DET5;1
25/08/2025;SAB1;6
25/08/2025;PAP4;6
25/08/2025;BIS4;11
25/08/2025;MIL5;3
26/08/2025;ARR5;4
26/08/2025;FEI1;14
26/08/2025;CAF5;10
26/08/2025;LEI1;29
26/08/2025;OLE9;3
26/08/2025;ACU1;8
26/08/2025;MAC5;11
26/08/2025;FAR1;6
26/08/2025;CUZ5;23
26/08/2025;MAN2;4
26/08/2025;REF2;8
26/08/2025;AGU5;21
26/08/2025;DET5;3
26/08/2025;SAB1;3
26/08/2025;PAP4;3
26/08/2025;CRE1;5
26/08/2025;BIS4;5
26/08/2025;MIL5;2
26/08/2025;CHO1;1
27/08/2025;ARR5;15
27/08/2025;FEI1;13
27/08/2025;CAF5;10
27/08/2025;LEI1;31
27/08/2025;OLE9;8
27/08/2025;ACU1;9
27/08/2025;MAC5;18
27/08/2025;FAR1;6
27/08/2025;CUZ5;16
27/08/2025;MAN2;6
27/08/2025;REF2;10
27/08/2025;AGU5;18
27/08/2025;DET5;1
27/08/2025;SAB1;2
27/08/2025;PAP4;7
27/08/2025;CRE1;2
27/08/2025;BIS4;12
27/08/2025;MIL5;3
27/08/2025;CHO1;2
28/08/2025;ARR5;14
28/08/2025;FEI1;26
28/08/2025;CAF5;8
28/08/2025;LEI1;39
28/08/2025;OLE9;6
28/08/2025;ACU1;13
28/08/2025;MAC5;14
28/08/2025;FAR1;6
28/08/2025;CUZ5;11
28/08/2025;MAN2;5
28/08/2025;REF2;9
28/08/2025;AGU5;30
28/08/2025;DET5;2
28/08/2025;SAB1;2
28/08/2025;PAP4;3
28/08/2025;CRE1;2
28/08/2025;BIS4;6
28/08/2025;MIL5;1
29/08/2025;ARR5;20
29/08/2025;FEI1;19
29/08/2025;CAF5;11
29/08/2025;LEI1;39
29/08/2025;OLE9;14
29/08/2025;ACU1;12
29/08/2025;MAC5;14
29/08/2025;FAR1;4
29/08/2025;CUZ5;19
29/08/2025;MAN2;8
29/08/2025;REF2;13
29/08/2025;AGU5;34
29/08/2025;DET5;2
29/08/2025;SAB1;6
29/08/2025;PAP4;7
29/08/2025;CRE1;11
29/08/2025;BIS4;14
29/08/2025;MIL5;2
29/08/2025;CHO1;3
30/08/2025;ARR5;14
30/08/2025;FEI1;25
30/08/2025;CAF5;13
30/08/2025;LEI1;45
30/08/2025;OLE9;16
30/08/2025;ACU1;12
30/08/2025;MAC5;17
30/08/2025;FAR1;9
30/08/2025;CUZ5;24
30/08/2025;MAN2;9
30/08/2025;REF2;14
30/08/2025;AGU5;37
30/08/2025;DET5;5
30/08/2025;SAB1;7
30/08/2025;PAP4;10
30/08/2025;CRE1;1
30/08/2025;BIS4;11
30/08/2025;MIL5;6
30/08/2025;CHO1;3
31/08/2025;ARR5;18
31/08/2025;FEI1;37
31/08/2025;CAF5;10
31/08/2025;LEI1;35
31/08/2025;OLE9;10
31/08/2025;ACU1;9
31/08/2025;MAC5;14
31/08/2025;FAR1;8
31/08/2025;CUZ5;26
31/08/2025;MAN2;2
31/08/2025;REF2;19
31/08/2025;AGU5;31
31/08/2025;DET5;4
31/08/2025;SAB1;4
31/08/2025;PAP4;6
31/08/2025;CRE1;4
31/08/2025;BIS4;16
31/08/2025;MIL5;3
31/08/2025;CHO1;1
01/09/2025;ARR5;18
01/09/2025;FEI1;18
01/09/2025;CAF5;8
01/09/2025;LEI1;33
01/09/2025;OLE9;15
01/09/2025;ACU1;17
01/09/2025;MAC5;20
01/09/2025;FAR1;7
01/09/2025;CUZ5;25
01/09/2025;MAN2;1
01/09/2025;REF2;12
01/09/2025;AGU5;32
01/09/2025;DET5;1
01/09/2025;SAB1;2
01/09/2025;PAP4;4
01/09/2025;CRE1;4
01/09/2025;BIS4;5
01/09/2025;CHO1;1
02/09/2025;ARR5;14
02/09/2025;FEI1;21
02/09/2025;CAF5;11
02/09/2025;LEI1;28
02/09/2025;OLE9;10
02/09/2025;ACU1;16
02/09/2025;MAC5;17
02/09/2025;FAR1;2
02/09/2025;CUZ5;21
02/09/2025;MAN2;4
02/09/2025;REF2;12
02/09/2025;AGU5;26
02/09/2025;DET5;2
02/09/2025;SAB1;2
02/09/2025;PAP4;9
02/09/2025;CRE1;3
02/09/2025;BIS4;6
02/09/2025;MIL5;1
02/09/2025;CHO1;1
03/09/2025;ARR5;16
03/09/2025;FEI1;21
03/09/2025;CAF5;8
03/09/2025;LEI1;32
03/09/2025;OLE9;8
03/09/2025;ACU1;14
03/09/2025;MAC5;11
03/09/2025;FAR1;7
03/09/2025;CUZ5;19
03/09/2025;MAN2;6
03/09/2025;REF2;17
03/09/2025;AGU5;16
03/09/2025;DET5;3
03/09/2025;SAB1;3
03/09/2025;PAP4;7
03/09/2025;CRE1;4
03/09/2025;BIS4;7
03/09/2025;CHO1;1
04/09/2025;ARR5;17
04/09/2025;FEI1;16
04/09/2025;CAF5;6
04/09/2025;LEI1;32
04/09/2025;OLE9;5
04/09/2025;ACU1;5
04/09/2025;MAC5;20
04/09/2025;FAR1;8
04/09/2025;CUZ5;16
04/09/2025;MAN2;2
04/09/2025;REF2;11
04/09/2025;AGU5;23
04/09/2025;DET5;4
04/09/2025;SAB1;3
04/09/2025;PAP4;3
04/09/2025;CRE1;4
04/09/2025;BIS4;4
04/09/2025;MIL5;2
04/09/2025;CHO1;7
05/09/2025;ARR5;27
05/09/2025;FEI1;24
05/09/2025;CAF5;12
05/09/2025;LEI1;46
05/09/2025;OLE9;16
05/09/2025;ACU1;15
05/09/2025;MAC5;18
05/09/2025;FAR1;9
05/09/2025;CUZ5;25
05/09/2025;MAN2;8
05/09/2025;REF2;13
05/09/2025;AGU5;39
05/09/2025;DET5;6
05/09/2025;SAB1;5
05/09/2025;PAP4;12
05/09/2025;CRE1;2
05/09/2025;BIS4;10
05/09/2025;MIL5;1
05/09/2025;CHO1;1
06/09/2025;ARR5;21
06/09/2025;FEI1;26
06/09/2025;CAF5;19
06/09/2025;LEI1;52
06/09/2025;OLE9;17
06/09/2025;ACU1;22
06/09/2025;MAC5;16
06/09/2025;FAR1;8
06/09/2025;CUZ5;17
06/09/2025;MAN2;9
06/09/2025;REF2;14
06/09/2025;AGU5;42
06/09/2025;DET5;3
06/09/2025;SAB1;6
06/09/2025;PAP4;9
06/09/2025;CRE1;6
06/09/2025;BIS4;11
06/09/2025;MIL5;2
06/09/2025;CHO1;3
07/09/2025;ARR5;25
07/09/2025;FEI1;28
07/09/2025;CAF5;12
07/09/2025;LEI1;58
07/09/2025;OLE9;15
07/09/2025;ACU1;17
07/09/2025;MAC5;20
07/09/2025;FAR1;8
07/09/2025;CUZ5;42
07/09/2025;MAN2;7
07/09/2025;REF2;15
07/09/2025;AGU5;32
07/09/2025;DET5;3
07/09/2025;SAB1;2
07/09/2025;PAP4;14
07/09/2025;CRE1;4
07/09/2025;BIS4;20
07/09/2025;MIL5;1
08/09/2025;ARR5;14
08/09/2025;FEI1;24
08/09/2025;CAF5;8
08/09/2025;LEI1;28
08/09/2025;OLE9;9
08/09/2025;ACU1;10
08/09/2025;MAC5;16
08/09/2025;FAR1;3
08/09/2025;CUZ5;13
08/09/2025;MAN2;3
08/09/2025;REF2;11
08/09/2025;AGU5;23
08/09/2025;DET5;1
08/09/2025;SAB1;6
08/09/2025;PAP4;13
08/09/2025;CRE1;3
08/09/2025;BIS4;8
08/09/2025;MIL5;1
09/09/2025;ARR5;7
09/09/2025;FEI1;21
09/09/2025;CAF5;9
09/09/2025;LEI1;27
09/09/2025;OLE9;11
09/09/2025;ACU1;15
09/09/2025;MAC5;12
09/09/2025;FAR1;2
09/09/2025;CUZ5;24
09/09/2025;MAN2;3
09/09/2025;REF2;8
09/09/2025;AGU5;26
09/09/2025;DET5;2
09/09/2025;SAB1;5
09/09/2025;PAP4;7
09/09/2025;CRE1;3
09/09/2025;BIS4;6
09/09/2025;MIL5;4
09/09/2025;CHO1;3
10/09/2025;ARR5;14
10/09/2025;FEI1;15
10/09/2025;CAF5;12
10/09/2025;LEI1;36
10/09/2025;OLE9;11
10/09/2025;ACU1;7
10/09/2025;MAC5;9
10/09/2025;FAR1;7
10/09/2025;CUZ5;11
10/09/2025;MAN2;6
10/09/2025;REF2;9
10/09/2025;AGU5;39
10/09/2025;DET5;2
10/09/2025;SAB1;7
10/09/2025;PAP4;7
10/09/2025;CRE1;2
10/09/2025;BIS4;9
10/09/2025;MIL5;1
10/09/2025;CHO1;2
11/09/2025;ARR5;13
11/09/2025;FEI1;19
11/09/2025;CAF5;14
11/09/2025;LEI1;24
11/09/2025;OLE9;5
11/09/2025;ACU1;9
11/09/2025;MAC5;10
11/09/2025;FAR1;6
11/09/2025;CUZ5;21
11/09/2025;MAN2;3
11/09/2025;REF2;5
11/09/2025;AGU5;23
11/09/2025;DET5;2
11/09/2025;SAB1;3
11/09/2025;PAP4;5
11/09/2025;CRE1;1
11/09/2025;BIS4;7
11/09/2025;CHO1;1
12/09/2025;ARR5;19
12/09/2025;FEI1;22
12/09/2025;CAF5;11
12/09/2025;LEI1;43
12/09/2025;OLE9;14
12/09/2025;ACU1;12
12/09/2025;MAC5;13
12/09/2025;FAR1;7
12/09/2025;CUZ5;16
12/09/2025;MAN2;7
12/09/2025;REF2;22
12/09/2025;AGU5;47
12/09/2025;DET5;5
12/09/2025;SAB1;1
12/09/2025;PAP4;7
12/09/2025;CRE1;5
12/09/2025;BIS4;8
12/09/2025;MIL5;2
13/09/2025;ARR5;16
13/09/2025;FEI1;32
13/09/2025;CAF5;9
13/09/2025;LEI1;35
13/09/2025;OLE9;11
13/09/2025;ACU1;12
13/09/2025;MAC5;21
13/09/2025;FAR1;6
13/09/2025;CUZ5;21
13/09/2025;MAN2;3
13/09/2025;REF2;21
13/09/2025;AGU5;22
13/09/2025;DET5;2
13/09/2025;SAB1;4
13/09/2025;PAP4;5
13/09/2025;CRE1;4
13/09/2025;BIS4;10
13/09/2025;MIL5;6
13/09/2025;CHO1;2
14/09/2025;ARR5;11
14/09/2025;FEI1;28
14/09/2025;CAF5;14
14/09/2025;LEI1;32
14/09/2025;OLE9;11
14/09/2025;ACU1;14
14/09/2025;MAC5;13
14/09/2025;FAR1;6
14/09/2025;CUZ5;19
14/09/2025;MAN2;3
14/09/2025;REF2;9
14/09/2025;AGU5;33
14/09/2025;SAB1;1
14/09/2025;PAP4;9
14/09/2025;CRE1;3
14/09/2025;BIS4;7
14/09/2025;MIL5;2
14/09/2025;CHO1;1
15/09/2025;ARR5;14
15/09/2025;FEI1;18
15/09/2025;CAF5;7
15/09/2025;LEI1;29
15/09/2025;OLE9;4
15/09/2025;ACU1;16
15/09/2025;MAC5;17
15/09/2025;FAR1;6
15/09/2025;CUZ5;12
15/09/2025;MAN2;6
15/09/2025;REF2;16
15/09/2025;AGU5;15
15/09/2025;DET5;4
15/09/2025;SAB1;2
15/09/2025;PAP4;7
15/09/2025;CRE1;3
15/09/2025;BIS4;7
15/09/2025;MIL5;2
16/09/2025;ARR5;19
16/09/2025;FEI1;19
16/09/2025;CAF5;11
16/09/2025;LEI1;37
16/09/2025;OLE9;9
16/09/2025;ACU1;13
16/09/2025;MAC5;10
16/09/2025;FAR1;4
16/09/2025;CUZ5;20
16/09/2025;MAN2;5
16/09/2025;REF2;14
16/09/2025;AGU5;16
16/09/2025;DET5;2
16/09/2025;SAB1;2
16/09/2025;PAP4;3
16/09/2025;CRE1;2
16/09/2025;BIS4;6
16/09/2025;MIL5;1
17/09/2025;ARR5;15
17/09/2025;FEI1;13
17/09/2025;CAF5;5
17/09/2025;LEI1;28
17/09/2025;OLE9;12
17/09/2025;ACU1;9
17/09/2025;MAC5;11
17/09/2025;FAR1;7
17/09/2025;CUZ5;19
17/09/2025;MAN2;3
17/09/2025;REF2;12
17/09/2025;AGU5;23
17/09/2025;DET5;3
17/09/2025;SAB1;4
17/09/2025;PAP4;4
17/09/2025;CRE1;4
17/09/2025;BIS4;6
17/09/2025;MIL5;2
17/09/2025;CHO1;3
18/09/2025;ARR5;16
18/09/2025;FEI1;15
18/09/2025;CAF5;7
18/09/2025;LEI1;23
18/09/2025;OLE9;3
18/09/2025;ACU1;6
18/09/2025;MAC5;10
18/09/2025;FAR1;6
18/09/2025;CUZ5;17
18/09/2025;REF2;9
18/09/2025;AGU5;24
18/09/2025;DET5;2
18/09/2025;SAB1;3
18/09/2025;PAP4;6
18/09/2025;CRE1;1
18/09/2025;BIS4;2
18/09/2025;MIL5;3
18/09/2025;CHO1;1
19/09/2025;ARR5;17
19/09/2025;FEI1;27
19/09/2025;CAF5;15
19/09/2025;LEI1;36
19/09/2025;OLE9;12
19/09/2025;ACU1;15
19/09/2025;MAC5;22
19/09/2025;FAR1;8
19/09/2025;CUZ5;20
19/09/2025;MAN2;7
19/09/2025;REF2;17
19/09/2025;AGU5;41
19/09/2025;DET5;5
19/09/2025;SAB1;5
19/09/2025;PAP4;10
19/09/2025;CRE1;2
19/09/2025;BIS4;12
19/09/2025;MIL5;2
19/09/2025;CHO1;2
20/09/2025;ARR5;29
20/09/2025;FEI1;24
20/09/2025;CAF5;15
20/09/2025;LEI1;37
20/09/2025;OLE9;10
20/09/2025;ACU1;15
20/09/2025;MAC5;17
20/09/2025;FAR1;7
20/09/2025;CUZ5;29
20/09/2025;MAN2;8
20/09/2025;REF2;10
20/09/2025;AGU5;36
20/09/2025;DET5;7
20/09/2025;SAB1;8
20/09/2025;PAP4;8
20/09/2025;CRE1;3
20/09/2025;BIS4;11
20/09/2025;MIL5;1
20/09/2025;CHO1;3
21/09/2025;ARR5;20
21/09/2025;FEI1;29
21/09/2025;CAF5;16
21/09/2025;LEI1;38
21/09/2025;OLE9;3
21/09/2025;ACU1;12
21/09/2025;MAC5;15
21/09/2025;FAR1;8
21/09/2025;CUZ5;24
21/09/2025;MAN2;3
21/09/2025;REF2;14
21/09/2025;AGU5;37
21/09/2025;DET5;8
21/09/2025;SAB1;3
21/09/2025;PAP4;8
21/09/2025;CRE1;4
21/09/2025;BIS4;8
21/09/2025;MIL5;4
21/09/2025;CHO1;2
22/09/2025;ARR5;11
22/09/2025;FEI1;14
22/09/2025;CAF5;10
22/09/2025;LEI1;23
22/09/2025;OLE9;8
22/09/2025;ACU1;7
22/09/2025;MAC5;13
22/09/2025;FAR1;4
22/09/2025;CUZ5;11
22/09/2025;MAN2;4
22/09/2025;REF2;6
22/09/2025;AGU5;20
22/09/2025;DET5;5
22/09/2025;SAB1;4
22/09/2025;PAP4;6
22/09/2025;CRE1;2
22/09/2025;BIS4;7
22/09/2025;MIL5;3
23/09/2025;ARR5;9
23/09/2025;FEI1;19
23/09/2025;CAF5;6
23/09/2025;LEI1;36
23/09/2025;OLE9;6
23/09/2025;ACU1;9
23/09/2025;MAC5;12
23/09/2025;FAR1;6
23/09/2025;CUZ5;20
23/09/2025;MAN2;4
23/09/2025;REF2;12
23/09/2025;AGU5;22
23/09/2025;DET5;2
23/09/2025;SAB1;3
23/09/2025;PAP4;9
23/09/2025;CRE1;2
23/09/2025;BIS4;5
23/09/2025;MIL5;1
23/09/2025;CHO1;3
24/09/2025;ARR5;14
24/09/2025;FEI1;11
24/09/2025;CAF5;6
24/09/2025;LEI1;20
24/09/2025;OLE9;7
24/09/2025;ACU1;10
24/09/2025;MAC5;18
24/09/2025;CUZ5;19
24/09/2025;MAN2;3
24/09/2025;REF2;7
24/09/2025;AGU5;31
24/09/2025;DET5;1
24/09/2025;SAB1;4
24/09/2025;PAP4;6
24/09/2025;CRE1;3
24/09/2025;BIS4;4
24/09/2025;MIL5;1
24/09/2025;CHO1;2
25/09/2025;ARR5;13
25/09/2025;FEI1;23
25/09/2025;CAF5;7
25/09/2025;LEI1;23
25/09/2025;OLE9;6
25/09/2025;ACU1;10
25/09/2025;MAC5;13
25/09/2025;FAR1;7
25/09/2025;CUZ5;12
25/09/2025;MAN2;6
25/09/2025;REF2;11
25/09/2025;AGU5;19
25/09/2025;SAB1;3
25/09/2025;PAP4;5
25/09/2025;CRE1;6
25/09/2025;BIS4;4
25/09/2025;MIL5;1
25/09/2025;CHO1;4
26/09/2025;ARR5;15
26/09/2025;FEI1;20
26/09/2025;CAF5;18
26/09/2025;LEI1;39
26/09/2025;OLE9;7
26/09/2025;ACU1;18
26/09/2025;MAC5;12
26/09/2025;FAR1;5
26/09/2025;CUZ5;17
26/09/2025;MAN2;4
26/09/2025;REF2;17
26/09/2025;AGU5;33
26/09/2025;DET5;5
26/09/2025;SAB1;5
26/09/2025;PAP4;9
26/09/2025;CRE1;5
26/09/2025;BIS4;9
26/09/2025;MIL5;4
26/09/2025;CHO1;4
27/09/2025;ARR5;10
27/09/2025;FEI1;25
27/09/2025;CAF5;11
27/09/2025;LEI1;34
27/09/2025;OLE9;12
27/09/2025;ACU1;13
27/09/2025;MAC5;14
27/09/2025;FAR1;7
27/09/2025;CUZ5;18
27/09/2025;MAN2;4
27/09/2025;REF2;17
27/09/2025;AGU5;23
27/09/2025;DET5;4
27/09/2025;SAB1;1
27/09/2025;PAP4;9
27/09/2025;CRE1;6
27/09/2025;BIS4;6
27/09/2025;MIL5;4
27/09/2025;CHO1;4
28/09/2025;ARR5;10
28/09/2025;FEI1;27
28/09/2025;CAF5;14
28/09/2025;LEI1;34
28/09/2025;OLE9;12
28/09/2025;ACU1;21
28/09/2025;MAC5;19
28/09/2025;FAR1;9
28/09/2025;CUZ5;14
28/09/2025;MAN2;5
28/09/2025;REF2;16
28/09/2025;AGU5;25
28/09/2025;DET5;4
28/09/2025;SAB1;9
28/09/2025;PAP4;6
28/09/2025;CRE1;9
28/09/2025;BIS4;6
28/09/2025;CHO1;2
29/09/2025;ARR5;13
29/09/2025;FEI1;20
29/09/2025;CAF5;5
29/09/2025;LEI1;28
29/09/2025;OLE9;8
29/09/2025;ACU1;12
29/09/2025;MAC5;9
29/09/2025;FAR1;2
29/09/2025;CUZ5;18
29/09/2025;MAN2;3
29/09/2025;REF2;17
29/09/2025;AGU5;24
29/09/2025;DET5;3
29/09/2025;SAB1;3
29/09/2025;PAP4;7
29/09/2025;CRE1;2
29/09/2025;BIS4;4
29/09/2025;MIL5;2
29/09/2025;CHO1;3
30/09/2025;ARR5;10
30/09/2025;FEI1;16
30/09/2025;CAF5;10
30/09/2025;LEI1;30
30/09/2025;OLE9;6
30/09/2025;ACU1;7
30/09/2025;MAC5;7
30/09/2025;FAR1;4
30/09/2025;CUZ5;15
30/09/2025;MAN2;3
30/09/2025;REF2;13
30/09/2025;AGU5;13
30/09/2025;DET5;3
30/09/2025;SAB1;5
30/09/2025;PAP4;3
30/09/2025;CRE1;2
30/09/2025;BIS4;7
30/09/2025;MIL5;2
30/09/2025;CHO1;1
